name,address,link
디엔디아이디 본점,경기 용인시 수지구 수지로 76 2층,https://www.instagram.com/design_dnd
리뉴디자인,경기 화성시 동탄치동천로2길 3-35 1층 상가전체,http://instagram.com/renew__design
코디스인테리어,경기 화성시 노작로4길 39-2 1층,https://www.instagram.com/codis_official/
로렌인테리어,경기 화성시 동탄대로시범길 134 상가동 1층 54호 로렌인테리어,http://www.instagram.com/lauren_interior
리아트 디자인,경기 수원시 영통구 삼성로313번길 19 에비뉴 2 201호,https://www.instagram.com/reartdesign_official
까사디자인,경기 수원시 권선구 권선로 750-1,https://www.instagram.com/casa_design__/
디자인에이치,경기 화성시 동탄반송2길 31-13 1층 디자인에이치,https://www.instagram.com/designh_official/
스바디자인,경기 수원시 영통구 센트럴파크로127번길 149-1 1층 스바디자인,https://www.instagram.com/chawonkyeong_interior/
영디자인,경기 수원시 영통구 광교호수공원로 277 중흥S클래스 203동 202호,https://www.instagram.com/__youngdesign/
디자인포,경기 화성시 노작로3길 22 1층,https://www.instagram.com/design.for_kim
에덴인테리어,경기 화성시 동탄공원로1길 16-5 1층,https://www.instagram.com/eden.dongtan
디자인허브,경기 수원시 영통구 센트럴타운로 111 서희스타힐스 2층 디자인허브,https://www.instagram.com/designhubkim/
컴포테리어,경기 화성시 지산1길 26-22 1층,https://www.instagram.com/comforterior_
LX지인 인테리어 베스트홈디자인,경기 수원시 팔달구 덕영대로 924 5층 LX 지인스퀘어 입점대리점 베스트윈도우,https://www.instagram.com/besthome_design_/?hl=ko
범호디자인,경기 오산시 법원로15번길 11 1층,https://www.instagram.com/bumho_design_official?igsh=MW4zYXduaXB6MTB3bg%3D%3D&utm_source=qr
한샘리하우스 디자인250,경기 오산시 경기대로 250,https://www.instagram.com/design250_official
창과공간인테리어 동탄점,경기 화성시 메타폴리스로 47-7 2층 205호,https://www.instagram.com/chang_and_gonggan
한샘리하우스 서하디자인대리점,경기 수원시 팔달구 화산로6번길 51 1층 한샘리하우스,https://www.instagram.com/seoha_int
디자인오브,경기 화성시 동탄반송1길 26-22 103호 디자인오브,https://www.instagram.com/design_aube_interior/
레몬하우스 수원점,경기 수원시 팔달구 인계로94번길 8 3층 302호,https://www.instagram.com/
비케이 디자인,경기 화성시 동탄하나3길 15-21,http://www.instagram.com/bkdesign_studio
라쿤디자인,경기 수원시 영통구 삼성로 11 216동 1층 115호,http://instagram.com/raccoondesign_
블루민디자인,경기 수원시 영통구 센트럴파크로128번길 7 상가 102호,https://www.instagram.com/blumin_design
린인테리어,경기 화성시 동탄대로시범길 134 1층 0057호,https://www.instagram.com/lyn_interiorr
수원목수 인테리어,경기 수원시 권선구 동수원로146번길 233-21 102호,https://www.instagram.com/suwon_carpenter
디자인데얼이즈,경기 용인시 기흥구 흥덕2로65번길 12-6 1층 101호,https://www.instagram.com/design.there_is/
두올인테리어디자인,경기 수원시 권선구 구운로63번길 41,http://www.instagram.com/dualdesign_hk
메이크홈,경기 오산시 오산로 327 안국아파트 상가동 B1층 MAKE HOME,https://www.instagram.com/makehome.designstudio/
강산인테리어,경기 화성시 병점동로42번길 24 1층 강산인테리어,http://instagram.com/kangsan_interior__/
플라타디자인,경기 수원시 영통구 센트럴파크로127번길 12 1층 103호,https://www.instagram.com/platadesign_